name,bits,module_type,survive_frac,noise_ratio,frac_flipped,delta_over_qerr
transformer_blocks.0.attn.to_q,8,attn.to_q,0.9959161877632141,5.3322906494140625,0.026238759979605675,0.07553968578577042
transformer_blocks.0.attn.to_q,4,attn.to_q,1.001848816871643,14.694096565246582,0.00335693359375,0.011243071407079697
transformer_blocks.0.attn.to_k,8,attn.to_k,1.0122852325439453,4.991438865661621,0.0247921422123909,0.08910467475652695
transformer_blocks.0.attn.to_k,4,attn.to_k,1.0413627624511719,15.631950378417969,0.0026961432304233313,0.010630743578076363
transformer_blocks.0.attn.to_v,8,attn.to_v,0.9957225918769836,5.204408168792725,0.0216242466121912,0.08515351265668869
transformer_blocks.0.attn.to_v,4,attn.to_v,1.0142687559127808,16.070777893066406,0.0025087993126362562,0.009544940665364265
transformer_blocks.0.attn.to_out.0,8,attn.to_out.0,0.9966292977333069,2.7805073261260986,0.08290863037109375,0.21445028483867645
transformer_blocks.0.attn.to_out.0,4,attn.to_out.0,1.009101152420044,8.363166809082031,0.009082370437681675,0.0274861678481102
transformer_blocks.1.attn.to_q,8,attn.to_q,1.0046800374984741,6.079960346221924,0.019921621307730675,0.05397197976708412
transformer_blocks.1.attn.to_q,4,attn.to_q,1.0084065198898315,15.807207107543945,0.002780490554869175,0.008947077207267284
transformer_blocks.1.attn.to_k,8,attn.to_k,1.0010631084442139,5.438833236694336,0.02181413397192955,0.07504387199878693
transformer_blocks.1.attn.to_k,4,attn.to_k,1.0092746019363403,15.075987815856934,0.002956390380859375,0.010451506823301315
transformer_blocks.1.attn.to_v,8,attn.to_v,1.0027185678482056,4.686934947967529,0.024343278259038925,0.10575724393129349
transformer_blocks.1.attn.to_v,4,attn.to_v,1.0052284002304077,14.005228996276855,0.0030682880897074938,0.012512901797890663
transformer_blocks.1.attn.to_out.0,8,attn.to_out.0,0.998852014541626,3.6484038829803467,0.035615283995866776,0.16214720904827118
transformer_blocks.1.attn.to_out.0,4,attn.to_out.0,1.0045770406723022,11.038195610046387,0.0046327379532158375,0.018226105719804764
transformer_blocks.2.attn.to_q,8,attn.to_q,1.008431077003479,5.665404796600342,0.0183258056640625,0.07098349183797836
transformer_blocks.2.attn.to_q,4,attn.to_q,0.9925397038459778,17.542192459106445,0.0019810993690043688,0.00800814013928175
transformer_blocks.2.attn.to_k,8,attn.to_k,0.9879770874977112,5.427853107452393,0.0191031564027071,0.0772445872426033
transformer_blocks.2.attn.to_k,4,attn.to_k,0.9819702506065369,16.970903396606445,0.0021120707970112562,0.008667178452014923
transformer_blocks.2.attn.to_v,8,attn.to_v,0.9960305690765381,4.451779842376709,0.026796553283929825,0.11717665940523148
transformer_blocks.2.attn.to_v,4,attn.to_v,0.9870430827140808,14.220778465270996,0.002872043289244175,0.012074394151568413
transformer_blocks.2.attn.to_out.0,8,attn.to_out.0,0.9954638481140137,4.1686692237854,0.0300742257386446,0.1344464123249054
transformer_blocks.2.attn.to_out.0,4,attn.to_out.0,0.9990330934524536,13.183656692504883,0.0034323798026889563,0.014095813035964966
transformer_blocks.3.attn.to_q,8,attn.to_q,1.0129348039627075,6.025535583496094,0.017022451385855675,0.0593116395175457
transformer_blocks.3.attn.to_q,4,attn.to_q,0.9651992321014404,16.590181350708008,0.002116733230650425,0.008471551351249218
transformer_blocks.3.attn.to_k,8,attn.to_k,1.0027602910995483,6.042256832122803,0.016643101349473,0.060920991003513336
transformer_blocks.3.attn.to_k,4,attn.to_k,1.0000325441360474,16.709997177124023,0.0022498236503452063,0.008693141862750053
transformer_blocks.3.attn.to_v,8,attn.to_v,1.001469373703003,4.512165546417236,0.0259721539914608,0.11668451130390167
transformer_blocks.3.attn.to_v,4,attn.to_v,1.0040704011917114,15.023627281188965,0.0026198492851108313,0.011295079253613949
transformer_blocks.3.attn.to_out.0,8,attn.to_out.0,0.9999409914016724,3.9887969493865967,0.030914306640625,0.14372582733631134
transformer_blocks.3.attn.to_out.0,4,attn.to_out.0,1.0074107646942139,12.178780555725098,0.004558563232421875,0.015527158975601196
transformer_blocks.4.attn.to_q,8,attn.to_q,0.9961597919464111,5.150142669677734,0.02049933560192585,0.08354362100362778
transformer_blocks.4.attn.to_q,4,attn.to_q,0.9855092167854309,16.338953018188477,0.0021459790877997875,0.009153464809060097
transformer_blocks.4.attn.to_k,8,attn.to_k,0.9978473782539368,5.269567966461182,0.0205078125,0.08081939816474915
transformer_blocks.4.attn.to_k,4,attn.to_k,1.0284032821655273,16.67646598815918,0.0022337171249091625,0.009272255003452301
transformer_blocks.4.attn.to_v,8,attn.to_v,0.9908612966537476,3.9483633041381836,0.03104061633348465,0.14631910622119904
transformer_blocks.4.attn.to_v,4,attn.to_v,1.0237184762954712,13.4214448928833,0.0030301411170512438,0.01367972046136856
transformer_blocks.4.attn.to_out.0,8,attn.to_out.0,0.9917388558387756,3.8211052417755127,0.033676572144031525,0.15560130774974823
transformer_blocks.4.attn.to_out.0,4,attn.to_out.0,0.9747939705848694,11.717103004455566,0.004382663406431675,0.01641732268035412
transformer_blocks.5.attn.to_q,8,attn.to_q,1.0079611539840698,5.075506210327148,0.02111222967505455,0.09460152685642242
transformer_blocks.5.attn.to_q,4,attn.to_q,0.9991042613983154,16.624755859375,0.0021459790877997875,0.009265745989978313
transformer_blocks.5.attn.to_k,8,attn.to_k,0.9940755367279053,5.17775821685791,0.021121978759765625,0.08880610018968582
transformer_blocks.5.attn.to_k,4,attn.to_k,0.9952883720397949,16.604785919189453,0.0022447374649345875,0.009424682706594467
transformer_blocks.5.attn.to_v,8,attn.to_v,0.9951356649398804,3.942596435546875,0.0300615094602108,0.1440139263868332
transformer_blocks.5.attn.to_v,4,attn.to_v,1.014999508857727,13.412094116210938,0.00292205810546875,0.01335585955530405
transformer_blocks.5.attn.to_out.0,8,attn.to_out.0,0.997721791267395,3.5249524116516113,0.04170142486691475,0.17402224242687225
transformer_blocks.5.attn.to_out.0,4,attn.to_out.0,0.9817513823509216,11.97063159942627,0.004158867988735437,0.016039377078413963
transformer_blocks.6.attn.to_q,8,attn.to_q,1.0003817081451416,5.231863975524902,0.020473480224609375,0.08373921364545822
transformer_blocks.6.attn.to_q,4,attn.to_q,0.9724910259246826,16.738500595092773,0.0021103753242641687,0.008990209549665451
transformer_blocks.6.attn.to_k,8,attn.to_k,1.0081826448440552,5.1760125160217285,0.02182939276099205,0.08517493307590485
transformer_blocks.6.attn.to_k,4,attn.to_k,0.9895244836807251,16.123559951782227,0.0022837321739643812,0.009693186730146408
transformer_blocks.6.attn.to_v,8,attn.to_v,1.004349708557129,3.9020907878875732,0.031882394105196,0.14938104152679443
transformer_blocks.6.attn.to_v,4,attn.to_v,1.002579927444458,13.230356216430664,0.0030572679825127125,0.013905865140259266
transformer_blocks.6.attn.to_out.0,8,attn.to_out.0,0.9996738433837891,3.5003859996795654,0.040504030883312225,0.1718168556690216
transformer_blocks.6.attn.to_out.0,4,attn.to_out.0,0.9763468503952026,11.468794822692871,0.00427924282848835,0.016665387898683548
transformer_blocks.7.attn.to_q,8,attn.to_q,0.9937364459037781,5.0666961669921875,0.0211961530148983,0.0886078029870987
transformer_blocks.7.attn.to_q,4,attn.to_q,0.9840201735496521,16.214990615844727,0.0021569994278252125,0.009306743741035461
transformer_blocks.7.attn.to_k,8,attn.to_k,1.0008254051208496,5.049211025238037,0.0236358642578125,0.08631821721792221
transformer_blocks.7.attn.to_k,4,attn.to_k,0.9993871450424194,15.67861557006836,0.0025240581016987562,0.010435492731630802
transformer_blocks.7.attn.to_v,8,attn.to_v,0.992508053779602,4.163232326507568,0.028281742706894875,0.12668833136558533
transformer_blocks.7.attn.to_v,4,attn.to_v,0.9923824071884155,13.648505210876465,0.0027898151893168688,0.012687659822404385
transformer_blocks.7.attn.to_out.0,8,attn.to_out.0,1.0031627416610718,3.635607957839966,0.038194019347429276,0.16542033851146698
transformer_blocks.7.attn.to_out.0,4,attn.to_out.0,0.9962687492370605,11.503823280334473,0.0045912000350654125,0.01702309586107731
transformer_blocks.8.attn.to_q,8,attn.to_q,1.0045757293701172,5.057072639465332,0.022118886932730675,0.0890418291091919
transformer_blocks.8.attn.to_q,4,attn.to_q,0.9938939809799194,16.297704696655273,0.0023015339393168688,0.009474683552980423
transformer_blocks.8.attn.to_k,8,attn.to_k,0.9987911581993103,5.025698184967041,0.023070016875863075,0.09016425907611847
transformer_blocks.8.attn.to_k,4,attn.to_k,0.9977728128433228,15.710760116577148,0.0025613573379814625,0.010445712134242058
transformer_blocks.8.attn.to_v,8,attn.to_v,0.9903151988983154,3.866727352142334,0.032008279114961624,0.1384374350309372
transformer_blocks.8.attn.to_v,4,attn.to_v,1.0040134191513062,12.692358016967773,0.0031831529922783375,0.014580737799406052
transformer_blocks.8.attn.to_out.0,8,attn.to_out.0,1.0081051588058472,3.582643508911133,0.0413275845348835,0.17161883413791656
transformer_blocks.8.attn.to_out.0,4,attn.to_out.0,0.9881603121757507,11.590353965759277,0.004509820137172937,0.016998672857880592
transformer_blocks.9.attn.to_q,8,attn.to_q,0.9970569610595703,4.493247032165527,0.026611752808094025,0.11612348258495331
transformer_blocks.9.attn.to_q,4,attn.to_q,1.0229439735412598,14.875739097595215,0.0026575725059956312,0.011524557135999203
transformer_blocks.9.attn.to_k,8,attn.to_k,0.9986693859100342,4.6881866455078125,0.026957618072628975,0.10711902379989624
transformer_blocks.9.attn.to_k,4,attn.to_k,1.0075069665908813,14.834074020385742,0.0028199090156704187,0.011912097223103046
transformer_blocks.9.attn.to_v,8,attn.to_v,1.0015300512313843,3.635716438293457,0.038840401917696,0.1765010803937912
transformer_blocks.9.attn.to_v,4,attn.to_v,1.007935643196106,12.290377616882324,0.003718906082212925,0.016584597527980804
transformer_blocks.9.attn.to_out.0,8,attn.to_out.0,0.9920481443405151,3.3483166694641113,0.053233254700899124,0.19491355121135712
transformer_blocks.9.attn.to_out.0,4,attn.to_out.0,1.0058881044387817,11.570296287536621,0.005161285400390625,0.01780686341226101
transformer_blocks.10.attn.to_q,8,attn.to_q,0.9951592683792114,4.672139644622803,0.0258136335760355,0.10644964873790741
transformer_blocks.10.attn.to_q,4,attn.to_q,0.9749898314476013,14.710704803466797,0.0026185777969658375,0.011269502341747284
transformer_blocks.10.attn.to_k,8,attn.to_k,0.9959186911582947,4.845415115356445,0.025457169860601425,0.09908286482095718
transformer_blocks.10.attn.to_k,4,attn.to_k,0.9805762767791748,14.645882606506348,0.0028046502266079187,0.011837765574455261
transformer_blocks.10.attn.to_v,8,attn.to_v,1.0011628866195679,3.5158562660217285,0.037857480347156525,0.1802867203950882
transformer_blocks.10.attn.to_v,4,attn.to_v,1.0000972747802734,11.95737361907959,0.0036854215431958437,0.01694098673760891
transformer_blocks.10.attn.to_out.0,8,attn.to_out.0,0.9990720748901367,3.420482635498047,0.048779383301734924,0.19107812643051147
transformer_blocks.10.attn.to_out.0,4,attn.to_out.0,1.001539707183838,11.405064582824707,0.004814995918422937,0.018169643357396126
transformer_blocks.11.attn.to_q,8,attn.to_q,0.9998822808265686,3.837517261505127,0.034492067992687225,0.14462246000766754
transformer_blocks.11.attn.to_q,4,attn.to_q,0.9959979057312012,12.623988151550293,0.0033997430000454187,0.01533208042383194
transformer_blocks.11.attn.to_k,8,attn.to_k,0.9982303380966187,4.099355220794678,0.03359730914235115,0.12595798075199127
transformer_blocks.11.attn.to_k,4,attn.to_k,1.0023030042648315,13.105308532714844,0.0034200879745185375,0.014453715644776821
transformer_blocks.11.attn.to_v,8,attn.to_v,0.9992509484291077,3.5924901962280273,0.0376705601811409,0.1771690547466278
transformer_blocks.11.attn.to_v,4,attn.to_v,1.0084232091903687,12.25189208984375,0.003650665283203125,0.016517676413059235
transformer_blocks.11.attn.to_out.0,8,attn.to_out.0,1.0022366046905518,3.3040542602539062,0.05050404742360115,0.19877959787845612
transformer_blocks.11.attn.to_out.0,4,attn.to_out.0,1.0061054229736328,11.374290466308594,0.0049578347243368626,0.018325326964259148
transformer_blocks.12.attn.to_q,8,attn.to_q,0.9960547685623169,4.627325057983398,0.025969186797738075,0.10807138681411743
transformer_blocks.12.attn.to_q,4,attn.to_q,0.9966756105422974,14.67756175994873,0.002849578857421875,0.011931909248232841
transformer_blocks.12.attn.to_k,8,attn.to_k,1.0027333498001099,4.689396858215332,0.025678422302007675,0.10076220333576202
transformer_blocks.12.attn.to_k,4,attn.to_k,0.9692354798316956,13.623260498046875,0.0030064054299145937,0.012975922785699368
transformer_blocks.12.attn.to_v,8,attn.to_v,1.0001651048660278,3.855729818344116,0.0309312604367733,0.14722783863544464
transformer_blocks.12.attn.to_v,4,attn.to_v,1.0004379749298096,13.015552520751953,0.002963596023619175,0.013897379860281944
transformer_blocks.12.attn.to_out.0,8,attn.to_out.0,1.0043487548828125,3.5105443000793457,0.0408799909055233,0.17621326446533203
transformer_blocks.12.attn.to_out.0,4,attn.to_out.0,0.9961134195327759,11.375150680541992,0.00445514265447855,0.017605861648917198
transformer_blocks.13.attn.to_q,8,attn.to_q,1.001052975654602,4.042045593261719,0.035182107239961624,0.13802097737789154
transformer_blocks.13.attn.to_q,4,attn.to_q,0.9952618479728699,13.157102584838867,0.0034323798026889563,0.0146583067253232
transformer_blocks.13.attn.to_k,8,attn.to_k,0.9941645264625549,3.7845284938812256,0.037246279418468475,0.1509583443403244
transformer_blocks.13.attn.to_k,4,attn.to_k,1.0114768743515015,12.410707473754883,0.0038011339493095875,0.016364844515919685
transformer_blocks.13.attn.to_v,8,attn.to_v,1.0008974075317383,3.4144461154937744,0.041927337646484375,0.19327419996261597
transformer_blocks.13.attn.to_v,4,attn.to_v,1.0125840902328491,11.635090827941895,0.0040355259552598,0.018252167850732803
transformer_blocks.13.attn.to_out.0,8,attn.to_out.0,0.9975254535675049,3.5162041187286377,0.043272655457258224,0.1823797971010208
transformer_blocks.13.attn.to_out.0,4,attn.to_out.0,1.01140296459198,11.808976173400879,0.0045144823379814625,0.01726909913122654
transformer_blocks.14.attn.to_q,8,attn.to_q,0.9962314367294312,4.3345160484313965,0.032150693237781525,0.10433810204267502
transformer_blocks.14.attn.to_q,4,attn.to_q,0.9991463422775269,13.644303321838379,0.003322177566587925,0.01283820066601038
transformer_blocks.14.attn.to_k,8,attn.to_k,1.0057398080825806,4.606803894042969,0.03242916613817215,0.07830128073692322
transformer_blocks.14.attn.to_k,4,attn.to_k,0.9831542372703552,13.66236400604248,0.0032187567558139563,0.011891258880496025
transformer_blocks.14.attn.to_v,8,attn.to_v,1.0000544786453247,3.3625292778015137,0.04281361773610115,0.19156433641910553
transformer_blocks.14.attn.to_v,4,attn.to_v,1.0018846988677979,11.415998458862305,0.0041291979141533375,0.018516726791858673
transformer_blocks.14.attn.to_out.0,8,attn.to_out.0,1.0077229738235474,3.37845516204834,0.04385969415307045,0.18791507184505463
transformer_blocks.14.attn.to_out.0,4,attn.to_out.0,1.015018105506897,10.818528175354004,0.005074395332485437,0.019648849964141846
transformer_blocks.15.attn.to_q,8,attn.to_q,0.995699942111969,4.391668796539307,0.0295834019780159,0.12580367922782898
transformer_blocks.15.attn.to_q,4,attn.to_q,1.0031989812850952,14.591475486755371,0.0029377408791333437,0.012230033986270428
transformer_blocks.15.attn.to_k,8,attn.to_k,1.005271315574646,4.36351203918457,0.03094482421875,0.1249140128493309
transformer_blocks.15.attn.to_k,4,attn.to_k,1.0172293186187744,13.936437606811523,0.0032552082557231188,0.013315261341631413
transformer_blocks.15.attn.to_v,8,attn.to_v,1.0019270181655884,3.8283047676086426,0.034465789794921875,0.15835945308208466
transformer_blocks.15.attn.to_v,4,attn.to_v,1.0011502504348755,12.90572738647461,0.0033056470565497875,0.01489034853875637
transformer_blocks.15.attn.to_out.0,8,attn.to_out.0,1.0036882162094116,3.282564163208008,0.043212890625,0.19378924369812012
transformer_blocks.15.attn.to_out.0,4,attn.to_out.0,1.0022343397140503,11.133758544921875,0.0044886269606649876,0.01842832937836647
transformer_blocks.16.attn.to_q,8,attn.to_q,0.9995843172073364,4.329666614532471,0.0288408063352108,0.10368742048740387
transformer_blocks.16.attn.to_q,4,attn.to_q,1.0154037475585938,13.972661018371582,0.0029097662772983313,0.012365787290036678
transformer_blocks.16.attn.to_k,8,attn.to_k,1.0090291500091553,4.333749294281006,0.03039974719285965,0.09446757286787033
transformer_blocks.16.attn.to_k,4,attn.to_k,1.0106382369995117,13.068098068237305,0.0033315022010356188,0.013773028738796711
transformer_blocks.16.attn.to_v,8,attn.to_v,1.0036492347717285,3.8029470443725586,0.032938215881586075,0.15469177067279816
transformer_blocks.16.attn.to_v,4,attn.to_v,1.0135620832443237,12.748313903808594,0.0032793681602925062,0.014913368970155716
transformer_blocks.16.attn.to_out.0,8,attn.to_out.0,0.9958033561706543,3.8750791549682617,0.032547421753406525,0.14585348963737488
transformer_blocks.16.attn.to_out.0,4,attn.to_out.0,0.9887820482254028,12.737403869628906,0.0034128825645893812,0.014241069555282593
transformer_blocks.17.attn.to_q,8,attn.to_q,0.9929456114768982,4.784774303436279,0.02309248223900795,0.09529449045658112
transformer_blocks.17.attn.to_q,4,attn.to_q,1.0121526718139648,15.275138854980469,0.0025482177734375,0.010703301057219505
transformer_blocks.17.attn.to_k,8,attn.to_k,0.9996777772903442,5.173651695251465,0.0216988455504179,0.07137306779623032
transformer_blocks.17.attn.to_k,4,attn.to_k,0.9902387857437134,14.849853515625,0.0027135212440043688,0.01077191811054945
transformer_blocks.17.attn.to_v,8,attn.to_v,0.9995436072349548,4.195634365081787,0.0279201939702034,0.1268790364265442
transformer_blocks.17.attn.to_v,4,attn.to_v,0.9871522188186646,13.709145545959473,0.0027669270057231188,0.012656938284635544
transformer_blocks.17.attn.to_out.0,8,attn.to_out.0,0.9949509501457214,3.2305102348327637,0.03840552642941475,0.19057992100715637
transformer_blocks.17.attn.to_out.0,4,attn.to_out.0,1.0031516551971436,10.702264785766602,0.0042215981520712376,0.018919268622994423
transformer_blocks.18.attn.to_q,8,attn.to_q,1.0055277347564697,3.862907648086548,0.036454517394304276,0.12004685401916504
transformer_blocks.18.attn.to_q,4,attn.to_q,1.0153470039367676,12.48580551147461,0.00361590925604105,0.01558127161115408
transformer_blocks.18.attn.to_k,8,attn.to_k,0.9971769452095032,3.8049097061157227,0.039117176085710526,0.11050478368997574
transformer_blocks.18.attn.to_k,4,attn.to_k,0.9887924790382385,11.673248291015625,0.0041423374786973,0.016727251932024956
transformer_blocks.18.attn.to_v,8,attn.to_v,0.9957594871520996,3.4559290409088135,0.0412038154900074,0.1865585595369339
transformer_blocks.18.attn.to_v,4,attn.to_v,1.007341980934143,11.563589096069336,0.0039346483536064625,0.018062930554151535
transformer_blocks.18.attn.to_out.0,8,attn.to_out.0,1.0006524324417114,3.1613714694976807,0.046343062072992325,0.21054308116436005
transformer_blocks.18.attn.to_out.0,4,attn.to_out.0,1.031379222869873,10.59367561340332,0.0050142076797783375,0.020612049847841263
transformer_blocks.19.attn.to_q,8,attn.to_q,1.00058114528656,4.601520538330078,0.026137033477425575,0.09659813344478607
transformer_blocks.19.attn.to_q,4,attn.to_q,0.9827509522438049,13.788567543029785,0.0029360454063862562,0.012569240294396877
transformer_blocks.19.attn.to_k,8,attn.to_k,0.9984880089759827,5.208592891693115,0.025041792541742325,0.062431514263153076
transformer_blocks.19.attn.to_k,4,attn.to_k,0.9784135818481445,13.867538452148438,0.0030716790352016687,0.011552125215530396
transformer_blocks.19.attn.to_v,8,attn.to_v,0.9946386814117432,4.232308864593506,0.028721703216433525,0.128588005900383
transformer_blocks.19.attn.to_v,4,attn.to_v,0.9905473589897156,13.888435363769531,0.0028928120154887438,0.01285309437662363
transformer_blocks.19.attn.to_out.0,8,attn.to_out.0,0.9941087961196899,3.178535223007202,0.040429431945085526,0.19523753225803375
transformer_blocks.19.attn.to_out.0,4,attn.to_out.0,0.997624933719635,10.528005599975586,0.004570855293422937,0.019313015043735504
transformer_blocks.20.attn.to_q,8,attn.to_q,0.9968073964118958,4.555963039398193,0.028498755767941475,0.10181529074907303
transformer_blocks.20.attn.to_q,4,attn.to_q,1.0245777368545532,14.263654708862305,0.00302886962890625,0.012389766052365303
transformer_blocks.20.attn.to_k,8,attn.to_k,1.0009998083114624,5.659331798553467,0.021505143493413925,0.056461624801158905
transformer_blocks.20.attn.to_k,4,attn.to_k,1.0106196403503418,15.077009201049805,0.00279998779296875,0.010293642990291119
transformer_blocks.20.attn.to_v,8,attn.to_v,0.9971563220024109,3.405026435852051,0.0427839495241642,0.19434233009815216
transformer_blocks.20.attn.to_v,4,attn.to_v,0.9860004782676697,11.320577621459961,0.0042050681076943874,0.019082169979810715
transformer_blocks.20.attn.to_out.0,8,attn.to_out.0,0.9983675479888916,2.8702480792999268,0.049626246094703674,0.23898085951805115
transformer_blocks.20.attn.to_out.0,4,attn.to_out.0,0.9939354062080383,9.489245414733887,0.00562286376953125,0.023876210674643517
transformer_blocks.21.attn.to_q,8,attn.to_q,1.0072489976882935,3.9074137210845947,0.03240373358130455,0.13291993737220764
transformer_blocks.21.attn.to_q,4,attn.to_q,0.9805722832679749,12.127098083496094,0.0034035576973110437,0.01550416648387909
transformer_blocks.21.attn.to_k,8,attn.to_k,0.9991332292556763,4.862148761749268,0.027356889098882675,0.07489924132823944
transformer_blocks.21.attn.to_k,4,attn.to_k,0.9961945414543152,12.891230583190918,0.0035913255997002125,0.013155574910342693
transformer_blocks.21.attn.to_v,8,attn.to_v,0.9952651262283325,3.3253872394561768,0.04206424206495285,0.1914350539445877
transformer_blocks.21.attn.to_v,4,attn.to_v,0.9963415265083313,10.979219436645508,0.0042266845703125,0.019533181563019753
transformer_blocks.21.attn.to_out.0,8,attn.to_out.0,0.9964326024055481,2.7875797748565674,0.054417505860328674,0.25833532214164734
transformer_blocks.21.attn.to_out.0,4,attn.to_out.0,1.0151019096374512,9.369075775146484,0.00604205671697855,0.025535235181450844
transformer_blocks.22.attn.to_q,8,attn.to_q,1.0020294189453125,3.2831737995147705,0.0414072684943676,0.15684403479099274
transformer_blocks.22.attn.to_q,4,attn.to_q,0.9957476258277893,10.090986251831055,0.00442547257989645,0.020003557205200195
transformer_blocks.22.attn.to_k,8,attn.to_k,0.9999423027038574,4.904712200164795,0.030125511810183525,0.06970534473657608
transformer_blocks.22.attn.to_k,4,attn.to_k,0.9925719499588013,12.452448844909668,0.0038575066719204187,0.013216532766819
transformer_blocks.22.attn.to_v,8,attn.to_v,1.0029240846633911,3.1771275997161865,0.052085030823946,0.18344062566757202
transformer_blocks.22.attn.to_v,4,attn.to_v,0.9846770167350769,9.899163246154785,0.0053244698792696,0.022249853238463402
transformer_blocks.22.attn.to_out.0,8,attn.to_out.0,0.9982176423072815,2.652175188064575,0.05992550402879715,0.2874499261379242
transformer_blocks.22.attn.to_out.0,4,attn.to_out.0,0.9848675727844238,8.7006196975708,0.00704998429864645,0.02911166287958622
transformer_blocks.23.attn.to_q,8,attn.to_q,0.9985959529876709,2.668358087539673,0.06609344482421875,0.27576276659965515
transformer_blocks.23.attn.to_q,4,attn.to_q,1.0092140436172485,8.626486778259277,0.006916894111782312,0.03149360790848732
transformer_blocks.23.attn.to_k,8,attn.to_k,0.9974134564399719,2.7108752727508545,0.0698530450463295,0.21135297417640686
transformer_blocks.23.attn.to_k,4,attn.to_k,0.9876778721809387,8.524958610534668,0.007187737617641687,0.030291695147752762
transformer_blocks.23.attn.to_v,8,attn.to_v,1.0028249025344849,2.5498905181884766,0.06624221801757812,0.2923124134540558
transformer_blocks.23.attn.to_v,4,attn.to_v,0.995212733745575,8.205257415771484,0.007167392410337925,0.033088117837905884
transformer_blocks.23.attn.to_out.0,8,attn.to_out.0,0.9998703598976135,2.06652569770813,0.09391699731349945,0.445149689912796
transformer_blocks.23.attn.to_out.0,4,attn.to_out.0,1.0024412870407104,7.223747253417969,0.010164896957576275,0.04422706738114357
