name,module_type,delta,qerr8,qerr4
time_text_embed.timestep_embedder.linear_1,time_text_embed.timestep_embedder.linear_1,0.0,0.005691345315426588,0.05715101212263107
time_text_embed.timestep_embedder.linear_2,time_text_embed.timestep_embedder.linear_2,0.0,0.010009543970227242,0.1021028459072113
time_text_embed.text_embedder.linear_1,time_text_embed.text_embedder.linear_1,0.0,0.009079622104763985,0.08993183076381683
time_text_embed.text_embedder.linear_2,time_text_embed.text_embedder.linear_2,0.0,0.01814040169119835,0.12380529940128326
context_embedder,context_embedder,0.0,0.009998849593102932,0.09279122203588486
transformer_blocks.0.norm1.linear,norm1.linear,0.0,0.014237931929528713,0.1037261039018631
transformer_blocks.0.norm1_context.linear,norm1_context.linear,0.0,0.011618098244071007,0.10716858506202698
transformer_blocks.0.attn.to_q,attn.to_q,0.001124669681303203,0.014888460747897625,0.1000322476029396
transformer_blocks.0.attn.to_k,attn.to_k,0.0009705591946840286,0.010892348363995552,0.09129738807678223
transformer_blocks.0.attn.to_v,attn.to_v,0.0009551655384711921,0.011216983199119568,0.10007034987211227
transformer_blocks.0.attn.add_k_proj,attn.add_k_proj,0.0,0.009709957987070084,0.09267327189445496
transformer_blocks.0.attn.add_v_proj,attn.add_v_proj,0.0,0.009013153612613678,0.0951477438211441
transformer_blocks.0.attn.add_q_proj,attn.add_q_proj,0.0,0.00867109652608633,0.09228780120611191
transformer_blocks.0.attn.to_out.0,attn.to_out.0,0.0025260578840970993,0.011779223568737507,0.09190287441015244
transformer_blocks.0.attn.to_add_out,attn.to_add_out,0.0,0.010869916528463364,0.09019867330789566
transformer_blocks.0.ff.net.0.proj,ff.net.0.proj,0.0,0.01343002449721098,0.10675410181283951
transformer_blocks.0.ff.net.2,ff.net.2,0.0,0.013576813973486423,0.09665591269731522
transformer_blocks.0.ff_context.net.0.proj,ff_context.net.0.proj,0.0,0.00846619438380003,0.09279382228851318
transformer_blocks.0.ff_context.net.2,ff_context.net.2,0.0,0.010110599920153618,0.0940958634018898
transformer_blocks.1.norm1.linear,norm1.linear,0.0,0.019045785069465637,0.10887205600738525
transformer_blocks.1.norm1_context.linear,norm1_context.linear,0.0,0.013272413052618504,0.11494657397270203
transformer_blocks.1.attn.to_q,attn.to_q,0.0009411614155396819,0.01743796467781067,0.10519205033779144
transformer_blocks.1.attn.to_k,attn.to_k,0.0010458440519869328,0.013936434872448444,0.10006633400917053
transformer_blocks.1.attn.to_v,attn.to_v,0.0013531225267797709,0.012794609181582928,0.10813819617033005
transformer_blocks.1.attn.add_k_proj,attn.add_k_proj,0.0,0.011888328939676285,0.10328201949596405
transformer_blocks.1.attn.add_v_proj,attn.add_v_proj,0.0,0.011515480466187,0.09856826066970825
transformer_blocks.1.attn.add_q_proj,attn.add_q_proj,0.0,0.009133542887866497,0.09398070722818375
transformer_blocks.1.attn.to_out.0,attn.to_out.0,0.0016636349027976394,0.010260027833282948,0.091277576982975
transformer_blocks.1.attn.to_add_out,attn.to_add_out,0.0,0.008764488622546196,0.08999902009963989
transformer_blocks.1.ff.net.0.proj,ff.net.0.proj,0.0,0.009974619373679161,0.0980433002114296
transformer_blocks.1.ff.net.2,ff.net.2,0.0,0.012167111970484257,0.09839874505996704
transformer_blocks.1.ff_context.net.0.proj,ff_context.net.0.proj,0.0,0.009778136387467384,0.09576892852783203
transformer_blocks.1.ff_context.net.2,ff_context.net.2,0.0,0.012546851299703121,0.10334640741348267
transformer_blocks.2.norm1.linear,norm1.linear,0.0,0.020943658426404,0.11771634966135025
transformer_blocks.2.norm1_context.linear,norm1_context.linear,0.0,0.013706094585359097,0.11449781805276871
transformer_blocks.2.attn.to_q,attn.to_q,0.0007887482643127441,0.011111713945865631,0.0984933078289032
transformer_blocks.2.attn.to_k,attn.to_k,0.0008358117775060236,0.010820327326655388,0.09643412381410599
transformer_blocks.2.attn.to_v,attn.to_v,0.00121214147657156,0.010344563983380795,0.10038942843675613
transformer_blocks.2.attn.add_k_proj,attn.add_k_proj,0.0,0.008857157081365585,0.09307792782783508
transformer_blocks.2.attn.add_v_proj,attn.add_v_proj,0.0,0.008838019333779812,0.09399599581956863
transformer_blocks.2.attn.add_q_proj,attn.add_q_proj,0.0,0.008675830438733101,0.09269925951957703
transformer_blocks.2.attn.to_out.0,attn.to_out.0,0.0012818811228498816,0.00953451357781887,0.09094055742025375
transformer_blocks.2.attn.to_add_out,attn.to_add_out,0.0,0.008536144159734249,0.09069281816482544
transformer_blocks.2.ff.net.0.proj,ff.net.0.proj,0.0,0.009519717656075954,0.09574991464614868
transformer_blocks.2.ff.net.2,ff.net.2,0.0,0.012297837063670158,0.09762875735759735
transformer_blocks.2.ff_context.net.0.proj,ff_context.net.0.proj,0.0,0.00857887789607048,0.09277527034282684
transformer_blocks.2.ff_context.net.2,ff_context.net.2,0.0,0.010064402595162392,0.09356782585382462
transformer_blocks.3.norm1.linear,norm1.linear,0.0,0.017125437036156654,0.11231124401092529
transformer_blocks.3.norm1_context.linear,norm1_context.linear,0.0,0.013829382136464119,0.11523700505495071
transformer_blocks.3.attn.to_q,attn.to_q,0.0008239077869802713,0.01389116607606411,0.09725583344697952
transformer_blocks.3.attn.to_k,attn.to_k,0.0008380981162190437,0.0137571319937706,0.09640911221504211
transformer_blocks.3.attn.to_v,attn.to_v,0.0010802865726873279,0.009258182719349861,0.09564223140478134
transformer_blocks.3.attn.add_k_proj,attn.add_k_proj,0.0,0.009858095087110996,0.09614968299865723
transformer_blocks.3.attn.add_v_proj,attn.add_v_proj,0.0,0.00935903936624527,0.09638330340385437
transformer_blocks.3.attn.add_q_proj,attn.add_q_proj,0.0,0.009049915708601475,0.09413518011569977
transformer_blocks.3.attn.to_out.0,attn.to_out.0,0.0014059930108487606,0.009782466106116772,0.09055056422948837
transformer_blocks.3.attn.to_add_out,attn.to_add_out,0.0,0.009830359369516373,0.09057214856147766
transformer_blocks.3.ff.net.0.proj,ff.net.0.proj,0.0,0.009329556487500668,0.09464307129383087
transformer_blocks.3.ff.net.2,ff.net.2,0.0,0.012867244891822338,0.09855504333972931
transformer_blocks.3.ff_context.net.0.proj,ff_context.net.0.proj,0.0,0.008509366773068905,0.09260652214288712
transformer_blocks.3.ff_context.net.2,ff_context.net.2,0.0,0.009707298129796982,0.09291261434555054
transformer_blocks.4.norm1.linear,norm1.linear,0.0,0.015353546477854252,0.11355465650558472
transformer_blocks.4.norm1_context.linear,norm1_context.linear,0.0,0.014603628776967525,0.11647900938987732
transformer_blocks.4.attn.to_q,attn.to_q,0.0008689392707310617,0.010401024483144283,0.09493008255958557
transformer_blocks.4.attn.to_k,attn.to_k,0.0008791067521087825,0.010877422988414764,0.09481045603752136
transformer_blocks.4.attn.to_v,attn.to_v,0.0012875094544142485,0.008799325674772263,0.09411811083555222
transformer_blocks.4.attn.add_k_proj,attn.add_k_proj,0.0,0.008602813817560673,0.09242762625217438
transformer_blocks.4.attn.add_v_proj,attn.add_v_proj,0.0,0.008644350804388523,0.09319696575403214
transformer_blocks.4.attn.add_q_proj,attn.add_q_proj,0.0,0.008399800397455692,0.09196414798498154
transformer_blocks.4.attn.to_out.0,attn.to_out.0,0.001491115428507328,0.009582923725247383,0.09082574397325516
transformer_blocks.4.attn.to_add_out,attn.to_add_out,0.0,0.00858740322291851,0.09079282730817795
transformer_blocks.4.ff.net.0.proj,ff.net.0.proj,0.0,0.009474474005401134,0.0950542613863945
transformer_blocks.4.ff.net.2,ff.net.2,0.0,0.012365851551294327,0.09692337363958359
transformer_blocks.4.ff_context.net.0.proj,ff_context.net.0.proj,0.0,0.008580474182963371,0.09283516556024551
transformer_blocks.4.ff_context.net.2,ff_context.net.2,0.0,0.010677946731448174,0.09442275017499924
transformer_blocks.5.norm1.linear,norm1.linear,0.0,0.01444622129201889,0.11354928463697433
transformer_blocks.5.norm1_context.linear,norm1_context.linear,0.0,0.015320767648518085,0.11841941624879837
transformer_blocks.5.attn.to_q,attn.to_q,0.0008675460703670979,0.009170529432594776,0.0936293825507164
transformer_blocks.5.attn.to_k,attn.to_k,0.0008868842269293964,0.009986748918890953,0.09410229325294495
transformer_blocks.5.attn.to_v,attn.to_v,0.001259666751138866,0.008746840059757233,0.09431567043066025
transformer_blocks.5.attn.add_k_proj,attn.add_k_proj,0.0,0.008409123867750168,0.0920950248837471
transformer_blocks.5.attn.add_v_proj,attn.add_v_proj,0.0,0.008507577702403069,0.09274271130561829
transformer_blocks.5.attn.add_q_proj,attn.add_q_proj,0.0,0.00830437894910574,0.09163530170917511
transformer_blocks.5.attn.to_out.0,attn.to_out.0,0.0014598136767745018,0.008388661779463291,0.09101436287164688
transformer_blocks.5.attn.to_add_out,attn.to_add_out,0.0,0.00852202344685793,0.09091221541166306
transformer_blocks.5.ff.net.0.proj,ff.net.0.proj,0.0,0.00958011019974947,0.09552355855703354
transformer_blocks.5.ff.net.2,ff.net.2,0.0,0.0129866823554039,0.09734011441469193
transformer_blocks.5.ff_context.net.0.proj,ff_context.net.0.proj,0.0,0.008617410436272621,0.09270471334457397
transformer_blocks.5.ff_context.net.2,ff_context.net.2,0.0,0.010786430910229683,0.09514045715332031
transformer_blocks.6.norm1.linear,norm1.linear,0.0,0.014300167560577393,0.11309584975242615
transformer_blocks.6.norm1_context.linear,norm1_context.linear,0.0,0.016788413748145103,0.12236917018890381
transformer_blocks.6.attn.to_q,attn.to_q,0.0008490592008456588,0.010139326564967632,0.09444265067577362
transformer_blocks.6.attn.to_k,attn.to_k,0.0009248091955669224,0.010857761837542057,0.09540817141532898
transformer_blocks.6.attn.to_v,attn.to_v,0.001321005285717547,0.008843191899359226,0.09499626606702805
transformer_blocks.6.attn.add_k_proj,attn.add_k_proj,0.0,0.008353902027010918,0.09168587625026703
transformer_blocks.6.attn.add_v_proj,attn.add_v_proj,0.0,0.008408252149820328,0.09221500903367996
transformer_blocks.6.attn.add_q_proj,attn.add_q_proj,0.0,0.008242623880505562,0.09157083928585052
transformer_blocks.6.attn.to_out.0,attn.to_out.0,0.0015141803305596113,0.008812757208943367,0.09085778892040253
transformer_blocks.6.attn.to_add_out,attn.to_add_out,0.0,0.008477196097373962,0.09093703329563141
transformer_blocks.6.ff.net.0.proj,ff.net.0.proj,0.0,0.009827129542827606,0.0962308868765831
transformer_blocks.6.ff.net.2,ff.net.2,0.0,0.013111618347465992,0.09733084589242935
transformer_blocks.6.ff_context.net.0.proj,ff_context.net.0.proj,0.0,0.008440864272415638,0.09214074909687042
transformer_blocks.6.ff_context.net.2,ff_context.net.2,0.0,0.01074154395610094,0.0949917733669281
transformer_blocks.7.norm1.linear,norm1.linear,0.0,0.014218265190720558,0.11287422478199005
transformer_blocks.7.norm1_context.linear,norm1_context.linear,0.0,0.020260818302631378,0.12775269150733948
transformer_blocks.7.attn.to_q,attn.to_q,0.0008855925989337265,0.009994521737098694,0.09515600651502609
transformer_blocks.7.attn.to_k,attn.to_k,0.0010105445981025696,0.011707200668752193,0.09683726727962494
transformer_blocks.7.attn.to_v,attn.to_v,0.0012022947194054723,0.009490177035331726,0.0947609543800354
transformer_blocks.7.attn.add_k_proj,attn.add_k_proj,0.0,0.008448706939816475,0.0921371728181839
transformer_blocks.7.attn.add_v_proj,attn.add_v_proj,0.0,0.008405870757997036,0.09234269708395004
transformer_blocks.7.attn.add_q_proj,attn.add_q_proj,0.0,0.008277945220470428,0.09155366569757462
transformer_blocks.7.attn.to_out.0,attn.to_out.0,0.0015501196030527353,0.009370791725814342,0.09105980396270752
transformer_blocks.7.attn.to_add_out,attn.to_add_out,0.0,0.008958467282354832,0.09130114316940308
transformer_blocks.7.ff.net.0.proj,ff.net.0.proj,0.0,0.00958313513547182,0.09544144570827484
transformer_blocks.7.ff.net.2,ff.net.2,0.0,0.013121521100401878,0.09631364792585373
transformer_blocks.7.ff_context.net.0.proj,ff_context.net.0.proj,0.0,0.008474159985780716,0.09213835746049881
transformer_blocks.7.ff_context.net.2,ff_context.net.2,0.0,0.011015339754521847,0.09587306529283524
transformer_blocks.8.norm1.linear,norm1.linear,0.0,0.014654058963060379,0.11581800878047943
transformer_blocks.8.norm1_context.linear,norm1_context.linear,0.0,0.02461921237409115,0.12748152017593384
transformer_blocks.8.attn.to_q,attn.to_q,0.000914531818125397,0.01027081161737442,0.09652373194694519
transformer_blocks.8.attn.to_k,attn.to_k,0.00101541168987751,0.011261798441410065,0.09720847010612488
transformer_blocks.8.attn.to_v,attn.to_v,0.0014003829564899206,0.010115638375282288,0.09604335576295853
transformer_blocks.8.attn.add_k_proj,attn.add_k_proj,0.0,0.008348682895302773,0.09171024709939957
transformer_blocks.8.attn.add_v_proj,attn.add_v_proj,0.0,0.008599219843745232,0.09270642697811127
transformer_blocks.8.attn.add_q_proj,attn.add_q_proj,0.0,0.00824290607124567,0.09155382215976715
transformer_blocks.8.attn.to_out.0,attn.to_out.0,0.0015438466798514128,0.008995788171887398,0.09082160145044327
transformer_blocks.8.attn.to_add_out,attn.to_add_out,0.0,0.008638300932943821,0.09114126861095428
transformer_blocks.8.ff.net.0.proj,ff.net.0.proj,0.0,0.009776884689927101,0.09690257161855698
transformer_blocks.8.ff.net.2,ff.net.2,0.0,0.012095704674720764,0.09645721316337585
transformer_blocks.8.ff_context.net.0.proj,ff_context.net.0.proj,0.0,0.008320804685354233,0.09176795184612274
transformer_blocks.8.ff_context.net.2,ff_context.net.2,0.0,0.010747128166258335,0.0949329286813736
transformer_blocks.9.norm1.linear,norm1.linear,0.0,0.015232957899570465,0.11798872798681259
transformer_blocks.9.norm1_context.linear,norm1_context.linear,0.0,0.027094468474388123,0.12364951521158218
transformer_blocks.9.attn.to_q,attn.to_q,0.0010796509450301528,0.009297438897192478,0.09368263930082321
transformer_blocks.9.attn.to_k,attn.to_k,0.00113116973079741,0.010559932328760624,0.09495974332094193
transformer_blocks.9.attn.to_v,attn.to_v,0.001568542793393135,0.008886872790753841,0.09457828104496002
transformer_blocks.9.attn.add_k_proj,attn.add_k_proj,0.0,0.008264577947556973,0.09139056503772736
transformer_blocks.9.attn.add_v_proj,attn.add_v_proj,0.0,0.008228433318436146,0.09188768267631531
transformer_blocks.9.attn.add_q_proj,attn.add_q_proj,0.0,0.008316721767187119,0.09145455062389374
transformer_blocks.9.attn.to_out.0,attn.to_out.0,0.0016218741657212377,0.008320992812514305,0.0910814106464386
transformer_blocks.9.attn.to_add_out,attn.to_add_out,0.0,0.008417634293437004,0.09102786332368851
transformer_blocks.9.ff.net.0.proj,ff.net.0.proj,0.0,0.009622342884540558,0.09643383324146271
transformer_blocks.9.ff.net.2,ff.net.2,0.0,0.012474645860493183,0.09609175473451614
transformer_blocks.9.ff_context.net.0.proj,ff_context.net.0.proj,0.0,0.00846552662551403,0.09207773208618164
transformer_blocks.9.ff_context.net.2,ff_context.net.2,0.0,0.011377216316759586,0.09538975358009338
transformer_blocks.10.norm1.linear,norm1.linear,0.0,0.01573394425213337,0.12173819541931152
transformer_blocks.10.norm1_context.linear,norm1_context.linear,0.0,0.03135092183947563,0.11311796307563782
transformer_blocks.10.attn.to_q,attn.to_q,0.0010780218290165067,0.010127058252692223,0.09565833956003189
transformer_blocks.10.attn.to_k,attn.to_k,0.0011414533946663141,0.011520189233124256,0.09642472863197327
transformer_blocks.10.attn.to_v,attn.to_v,0.001615694840438664,0.008961807936429977,0.09537194669246674
transformer_blocks.10.attn.add_k_proj,attn.add_k_proj,0.0,0.008709984831511974,0.09257669746875763
transformer_blocks.10.attn.add_v_proj,attn.add_v_proj,0.0,0.00830979272723198,0.09230927377939224
transformer_blocks.10.attn.add_q_proj,attn.add_q_proj,0.0,0.008280129171907902,0.09172485768795013
transformer_blocks.10.attn.to_out.0,attn.to_out.0,0.0016540116630494595,0.008656206540763378,0.09103159606456757
transformer_blocks.10.attn.to_add_out,attn.to_add_out,0.0,0.008685627020895481,0.09121149033308029
transformer_blocks.10.ff.net.0.proj,ff.net.0.proj,0.0,0.009550793096423149,0.09621742367744446
transformer_blocks.10.ff.net.2,ff.net.2,0.0,0.013307666406035423,0.09653639048337936
transformer_blocks.10.ff_context.net.0.proj,ff_context.net.0.proj,0.0,0.008495771326124668,0.09198079258203506
transformer_blocks.10.ff_context.net.2,ff_context.net.2,0.0,0.011585269123315811,0.09452071040868759
transformer_blocks.11.norm1.linear,norm1.linear,0.0,0.016828158870339394,0.12536022067070007
transformer_blocks.11.norm1_context.linear,norm1_context.linear,0.0,0.03542398661375046,0.10150590538978577
transformer_blocks.11.attn.to_q,attn.to_q,0.0014519721735268831,0.010039742104709148,0.09470158070325851
transformer_blocks.11.attn.to_k,attn.to_k,0.0013918583281338215,0.011050179600715637,0.09629760682582855
transformer_blocks.11.attn.to_v,attn.to_v,0.0015598246827721596,0.008804159238934517,0.09443366527557373
transformer_blocks.11.attn.add_k_proj,attn.add_k_proj,0.0,0.008434130810201168,0.091766357421875
transformer_blocks.11.attn.add_v_proj,attn.add_v_proj,0.0,0.00833282619714737,0.09216998517513275
transformer_blocks.11.attn.add_q_proj,attn.add_q_proj,0.0,0.008408148773014545,0.09183743596076965
transformer_blocks.11.attn.to_out.0,attn.to_out.0,0.0016692588105797768,0.008397535420954227,0.09109025448560715
transformer_blocks.11.attn.to_add_out,attn.to_add_out,0.0,0.008648880757391453,0.09121145308017731
transformer_blocks.11.ff.net.0.proj,ff.net.0.proj,0.0,0.009723545052111149,0.09662328660488129
transformer_blocks.11.ff.net.2,ff.net.2,0.0,0.01277640089392662,0.09570316970348358
transformer_blocks.11.ff_context.net.0.proj,ff_context.net.0.proj,0.0,0.008752293884754181,0.0924081802368164
transformer_blocks.11.ff_context.net.2,ff_context.net.2,0.0,0.011851571500301361,0.09595014899969101
transformer_blocks.12.norm1.linear,norm1.linear,0.0,0.018648996949195862,0.1308656930923462
transformer_blocks.12.norm1_context.linear,norm1_context.linear,0.0,0.03789448365569115,0.09038940817117691
transformer_blocks.12.attn.to_q,attn.to_q,0.0011519391555339098,0.010659058578312397,0.09654273837804794
transformer_blocks.12.attn.to_k,attn.to_k,0.0012755070347338915,0.012658585794270039,0.09829798340797424
transformer_blocks.12.attn.to_v,attn.to_v,0.001319199101999402,0.008960255421698093,0.09492430835962296
transformer_blocks.12.attn.add_k_proj,attn.add_k_proj,0.0,0.008633673191070557,0.09245293587446213
transformer_blocks.12.attn.add_v_proj,attn.add_v_proj,0.0,0.008472398854792118,0.0925963968038559
transformer_blocks.12.attn.add_q_proj,attn.add_q_proj,0.0,0.008618882857263088,0.09247779101133347
transformer_blocks.12.attn.to_out.0,attn.to_out.0,0.0016077292384579778,0.009123769588768482,0.09131783992052078
transformer_blocks.12.attn.to_add_out,attn.to_add_out,0.0,0.009126553311944008,0.0914035364985466
transformer_blocks.12.ff.net.0.proj,ff.net.0.proj,0.0,0.010105999186635017,0.097841277718544
transformer_blocks.12.ff.net.2,ff.net.2,0.0,0.012160427868366241,0.09586045891046524
transformer_blocks.12.ff_context.net.0.proj,ff_context.net.0.proj,0.0,0.008777089416980743,0.09234937280416489
transformer_blocks.12.ff_context.net.2,ff_context.net.2,0.0,0.012973416596651077,0.09400149434804916
transformer_blocks.13.norm1.linear,norm1.linear,0.0,0.020304935052990913,0.1342778205871582
transformer_blocks.13.norm1_context.linear,norm1_context.linear,0.0,0.03821336477994919,0.08742889761924744
transformer_blocks.13.attn.to_q,attn.to_q,0.0013763213064521551,0.00997182633727789,0.09389360249042511
transformer_blocks.13.attn.to_k,attn.to_k,0.0015427387552335858,0.010219632647931576,0.09427151829004288
transformer_blocks.13.attn.to_v,attn.to_v,0.0017116862582042813,0.008856259286403656,0.09377989172935486
transformer_blocks.13.attn.add_k_proj,attn.add_k_proj,0.0,0.008427789434790611,0.09167996793985367
transformer_blocks.13.attn.add_v_proj,attn.add_v_proj,0.0,0.008374826051294804,0.0920693576335907
transformer_blocks.13.attn.add_q_proj,attn.add_q_proj,0.0,0.008469701744616032,0.09188966453075409
transformer_blocks.13.attn.to_out.0,attn.to_out.0,0.001573230721987784,0.008626123890280724,0.09110091626644135
transformer_blocks.13.attn.to_add_out,attn.to_add_out,0.0,0.008501327596604824,0.09119363129138947
transformer_blocks.13.ff.net.0.proj,ff.net.0.proj,0.0,0.009899338707327843,0.09695790708065033
transformer_blocks.13.ff.net.2,ff.net.2,0.0,0.011655475944280624,0.0958082303404808
transformer_blocks.13.ff_context.net.0.proj,ff_context.net.0.proj,0.0,0.008649135008454323,0.09215561300516129
transformer_blocks.13.ff_context.net.2,ff_context.net.2,0.0,0.011368232779204845,0.09392645955085754
transformer_blocks.14.norm1.linear,norm1.linear,0.0,0.022119371220469475,0.13467146456241608
transformer_blocks.14.norm1_context.linear,norm1_context.linear,0.0,0.04001685604453087,0.0835886001586914
transformer_blocks.14.attn.to_q,attn.to_q,0.0012633015867322683,0.012107768096029758,0.0984017625451088
transformer_blocks.14.attn.to_k,attn.to_k,0.0012311735190451145,0.015723543241620064,0.10353601723909378
transformer_blocks.14.attn.to_v,attn.to_v,0.0017547347815707326,0.009160028770565987,0.09476485103368759
transformer_blocks.14.attn.add_k_proj,attn.add_k_proj,0.0,0.008786180056631565,0.09234724193811417
transformer_blocks.14.attn.add_v_proj,attn.add_v_proj,0.0,0.00837336853146553,0.09206041693687439
transformer_blocks.14.attn.add_q_proj,attn.add_q_proj,0.0,0.008457353338599205,0.09179694950580597
transformer_blocks.14.attn.to_out.0,attn.to_out.0,0.0017900530947372317,0.009525862522423267,0.09110218286514282
transformer_blocks.14.attn.to_add_out,attn.to_add_out,0.0,0.00898715853691101,0.09122055023908615
transformer_blocks.14.ff.net.0.proj,ff.net.0.proj,0.0,0.00967416726052761,0.09619828313589096
transformer_blocks.14.ff.net.2,ff.net.2,0.0,0.011962627060711384,0.09626191109418869
transformer_blocks.14.ff_context.net.0.proj,ff_context.net.0.proj,0.0,0.008607734926044941,0.09189636260271072
transformer_blocks.14.ff_context.net.2,ff_context.net.2,0.0,0.012376774102449417,0.0944771096110344
transformer_blocks.15.norm1.linear,norm1.linear,0.0,0.022699300199747086,0.1346411406993866
transformer_blocks.15.norm1_context.linear,norm1_context.linear,0.0,0.042609427124261856,0.07138455659151077
transformer_blocks.15.attn.to_q,attn.to_q,0.0011448311852291226,0.009100141003727913,0.09360817819833755
transformer_blocks.15.attn.to_k,attn.to_k,0.0012753724586218596,0.010210003703832626,0.09578275680541992
transformer_blocks.15.attn.to_v,attn.to_v,0.0014049779856577516,0.008872081525623798,0.09435493499040604
transformer_blocks.15.attn.add_k_proj,attn.add_k_proj,0.0,0.008430689573287964,0.09188929200172424
transformer_blocks.15.attn.add_v_proj,attn.add_v_proj,0.0,0.00871012918651104,0.09319387376308441
transformer_blocks.15.attn.add_q_proj,attn.add_q_proj,0.0,0.008398309350013733,0.09156123548746109
transformer_blocks.15.attn.to_out.0,attn.to_out.0,0.0016738043632358313,0.008637241087853909,0.09082777798175812
transformer_blocks.15.attn.to_add_out,attn.to_add_out,0.0,0.008771039545536041,0.09117454290390015
transformer_blocks.15.ff.net.0.proj,ff.net.0.proj,0.0,0.009410303086042404,0.0952228456735611
transformer_blocks.15.ff.net.2,ff.net.2,0.0,0.011295915581285954,0.09561274200677872
transformer_blocks.15.ff_context.net.0.proj,ff_context.net.0.proj,0.0,0.013270875439047813,0.09672697633504868
transformer_blocks.15.ff_context.net.2,ff_context.net.2,0.0,0.007677611894905567,0.07785794138908386
transformer_blocks.16.norm1.linear,norm1.linear,0.0,0.024403467774391174,0.1342996507883072
transformer_blocks.16.norm1_context.linear,norm1_context.linear,0.0,0.0389196053147316,0.0660850927233696
transformer_blocks.16.attn.to_q,attn.to_q,0.0011923463316634297,0.011499430984258652,0.09642300754785538
transformer_blocks.16.attn.to_k,attn.to_k,0.0013802952598780394,0.014611313119530678,0.10021726042032242
transformer_blocks.16.attn.to_v,attn.to_v,0.0014168168418109417,0.009158967062830925,0.09500313550233841
transformer_blocks.16.attn.add_k_proj,attn.add_k_proj,0.0,0.008470925502479076,0.09199053794145584
transformer_blocks.16.attn.add_v_proj,attn.add_v_proj,0.0,0.008487753570079803,0.09275505691766739
transformer_blocks.16.attn.add_q_proj,attn.add_q_proj,0.0,0.008533230051398277,0.09191738069057465
transformer_blocks.16.attn.to_out.0,attn.to_out.0,0.0012987572699785233,0.008904533460736275,0.09119801968336105
transformer_blocks.16.attn.to_add_out,attn.to_add_out,0.0,0.00894121453166008,0.09143577516078949
transformer_blocks.16.ff.net.0.proj,ff.net.0.proj,0.0,0.009285860694944859,0.0948827937245369
transformer_blocks.16.ff.net.2,ff.net.2,0.0,0.010795759968459606,0.09500107914209366
transformer_blocks.16.ff_context.net.0.proj,ff_context.net.0.proj,0.0,0.008683801628649235,0.09207993000745773
transformer_blocks.16.ff_context.net.2,ff_context.net.2,0.0,0.013135883957147598,0.09498332440853119
transformer_blocks.17.norm1.linear,norm1.linear,0.0,0.026001883670687675,0.1308937966823578
transformer_blocks.17.norm1_context.linear,norm1_context.linear,0.0,0.04550591856241226,0.07297695428133011
transformer_blocks.17.attn.to_q,attn.to_q,0.0010278397239744663,0.010785930790007114,0.09603016823530197
transformer_blocks.17.attn.to_k,attn.to_k,0.001109484233893454,0.015544857829809189,0.10299783945083618
transformer_blocks.17.attn.to_v,attn.to_v,0.0012220797361806035,0.009631848894059658,0.09655413776636124
transformer_blocks.17.attn.add_k_proj,attn.add_k_proj,0.0,0.008777828887104988,0.0922856405377388
transformer_blocks.17.attn.add_v_proj,attn.add_v_proj,0.0,0.008565777912735939,0.0928545743227005
transformer_blocks.17.attn.add_q_proj,attn.add_q_proj,0.0,0.008649147115647793,0.09218894690275192
transformer_blocks.17.attn.to_out.0,attn.to_out.0,0.0017231779638677835,0.009041760116815567,0.09108058363199234
transformer_blocks.17.attn.to_add_out,attn.to_add_out,0.0,0.009237951599061489,0.09144818037748337
transformer_blocks.17.ff.net.0.proj,ff.net.0.proj,0.0,0.00949827115982771,0.0952630266547203
transformer_blocks.17.ff.net.2,ff.net.2,0.0,0.01100577600300312,0.09488201141357422
transformer_blocks.17.ff_context.net.0.proj,ff_context.net.0.proj,0.0,0.008644812740385532,0.09230034798383713
transformer_blocks.17.ff_context.net.2,ff_context.net.2,0.0,0.009217747487127781,0.0902518779039383
transformer_blocks.18.norm1.linear,norm1.linear,0.0,0.028640136122703552,0.1279061734676361
transformer_blocks.18.norm1_context.linear,norm1_context.linear,0.0,0.04384605586528778,0.0740307867527008
transformer_blocks.18.attn.to_q,attn.to_q,0.0014981647254899144,0.012479833327233791,0.09615163505077362
transformer_blocks.18.attn.to_k,attn.to_k,0.0016768650384619832,0.015174592845141888,0.10024749487638474
transformer_blocks.18.attn.to_v,attn.to_v,0.0017135427333414555,0.009185013361275196,0.09486515820026398
transformer_blocks.18.attn.add_k_proj,attn.add_k_proj,0.0,0.008498362265527248,0.09212082624435425
transformer_blocks.18.attn.add_v_proj,attn.add_v_proj,0.0,0.00877655204385519,0.09311360120773315
transformer_blocks.18.attn.add_q_proj,attn.add_q_proj,0.0,0.008566820062696934,0.09175101667642593
transformer_blocks.18.attn.to_out.0,attn.to_out.0,0.0018756929785013199,0.0089088324457407,0.09099982678890228
transformer_blocks.18.attn.to_add_out,attn.to_add_out,0.0,0.008845092728734016,0.09106262028217316
transformer_blocks.18.ff.net.0.proj,ff.net.0.proj,0.0,0.00921938382089138,0.09451179206371307
transformer_blocks.18.ff.net.2,ff.net.2,0.0,0.010697022080421448,0.09463454782962799
transformer_blocks.18.ff_context.net.0.proj,ff_context.net.0.proj,0.0,0.013651217333972454,0.09416531026363373
transformer_blocks.18.ff_context.net.2,ff_context.net.2,0.0,0.0080846743658185,0.08053382486104965
transformer_blocks.19.norm1.linear,norm1.linear,0.0,0.028035301715135574,0.12413188070058823
transformer_blocks.19.norm1_context.linear,norm1_context.linear,0.0,0.04206479713320732,0.06913792341947556
transformer_blocks.19.attn.to_q,attn.to_q,0.0012368039460852742,0.012803600169718266,0.09839925915002823
transformer_blocks.19.attn.to_k,attn.to_k,0.0012434760574251413,0.0199174415320158,0.10764046013355255
transformer_blocks.19.attn.to_v,attn.to_v,0.0012365945149213076,0.009616716764867306,0.09620986133813858
transformer_blocks.19.attn.add_k_proj,attn.add_k_proj,0.0,0.008847431279718876,0.09246671199798584
transformer_blocks.19.attn.add_v_proj,attn.add_v_proj,0.0,0.008671732619404793,0.09286386519670486
transformer_blocks.19.attn.add_q_proj,attn.add_q_proj,0.0,0.008851610124111176,0.09239357709884644
transformer_blocks.19.attn.to_out.0,attn.to_out.0,0.0017582736909389496,0.009005817584693432,0.09104086458683014
transformer_blocks.19.attn.to_add_out,attn.to_add_out,0.0,0.009686672128736973,0.09154950827360153
transformer_blocks.19.ff.net.0.proj,ff.net.0.proj,0.0,0.009351189248263836,0.09478212893009186
transformer_blocks.19.ff.net.2,ff.net.2,0.0,0.011411424726247787,0.0955180823802948
transformer_blocks.19.ff_context.net.0.proj,ff_context.net.0.proj,0.0,0.009093690663576126,0.0930473580956459
transformer_blocks.19.ff_context.net.2,ff_context.net.2,0.0,0.012173979543149471,0.09580724686384201
transformer_blocks.20.norm1.linear,norm1.linear,0.0,0.03066619113087654,0.1179874911904335
transformer_blocks.20.norm1_context.linear,norm1_context.linear,0.0,0.04268968105316162,0.08292768150568008
transformer_blocks.20.attn.to_q,attn.to_q,0.001184700638987124,0.01163578312844038,0.09561929106712341
transformer_blocks.20.attn.to_k,attn.to_k,0.001083130482584238,0.019183481112122536,0.10522323846817017
transformer_blocks.20.attn.to_v,attn.to_v,0.00181676319334656,0.00934826210141182,0.09520737081766129
transformer_blocks.20.attn.add_k_proj,attn.add_k_proj,0.0,0.008877151645720005,0.0937579944729805
transformer_blocks.20.attn.add_v_proj,attn.add_v_proj,0.0,0.009041906334459782,0.09423377364873886
transformer_blocks.20.attn.add_q_proj,attn.add_q_proj,0.0,0.009091018699109554,0.09271213412284851
transformer_blocks.20.attn.to_out.0,attn.to_out.0,0.002193927066400647,0.009180347435176373,0.09188757836818695
transformer_blocks.20.attn.to_add_out,attn.to_add_out,0.0,0.010261916555464268,0.09294220805168152
transformer_blocks.20.ff.net.0.proj,ff.net.0.proj,0.0,0.009243058040738106,0.09446418285369873
transformer_blocks.20.ff.net.2,ff.net.2,0.0,0.010991779156029224,0.09498060494661331
transformer_blocks.20.ff_context.net.0.proj,ff_context.net.0.proj,0.0,0.02042105421423912,0.10302969813346863
transformer_blocks.20.ff_context.net.2,ff_context.net.2,0.0,0.008139519952237606,0.07614152878522873
transformer_blocks.21.norm1.linear,norm1.linear,0.0,0.03393562510609627,0.10614746809005737
transformer_blocks.21.norm1_context.linear,norm1_context.linear,0.0,0.04463427886366844,0.09504813700914383
transformer_blocks.21.attn.to_q,attn.to_q,0.0014691075775772333,0.011052574962377548,0.09475566446781158
transformer_blocks.21.attn.to_k,attn.to_k,0.0013769511133432388,0.018384044989943504,0.10466673225164413
transformer_blocks.21.attn.to_v,attn.to_v,0.0018698472995311022,0.00976752769201994,0.09572670608758926
transformer_blocks.21.attn.add_k_proj,attn.add_k_proj,0.0,0.009419833309948444,0.09486363083124161
transformer_blocks.21.attn.add_v_proj,attn.add_v_proj,0.0,0.00928281806409359,0.0942685455083847
transformer_blocks.21.attn.add_q_proj,attn.add_q_proj,0.0,0.009215746074914932,0.09301324188709259
transformer_blocks.21.attn.to_out.0,attn.to_out.0,0.002347057219594717,0.00908531341701746,0.09191445261240005
transformer_blocks.21.attn.to_add_out,attn.to_add_out,0.0,0.009479804895818233,0.09007781744003296
transformer_blocks.21.ff.net.0.proj,ff.net.0.proj,0.0,0.00905927736312151,0.09408935159444809
transformer_blocks.21.ff.net.2,ff.net.2,0.0,0.011167295277118683,0.09502625465393066
transformer_blocks.21.ff_context.net.0.proj,ff_context.net.0.proj,0.0,0.024995872750878334,0.09940359741449356
transformer_blocks.21.ff_context.net.2,ff_context.net.2,0.0,0.006651062052696943,0.07280838489532471
transformer_blocks.22.norm1.linear,norm1.linear,0.0,0.035524602979421616,0.10113406926393509
transformer_blocks.22.norm1_context.linear,norm1_context.linear,0.0,0.04489588364958763,0.10294223576784134
transformer_blocks.22.attn.to_q,attn.to_q,0.0019494318403303623,0.012429109774529934,0.0974542573094368
transformer_blocks.22.attn.to_k,attn.to_k,0.0015090936794877052,0.021649610251188278,0.11418226361274719
transformer_blocks.22.attn.to_v,attn.to_v,0.0023358238395303488,0.012733405455946922,0.10498154163360596
transformer_blocks.22.attn.add_k_proj,attn.add_k_proj,0.0,0.011499457061290741,0.09692533314228058
transformer_blocks.22.attn.add_v_proj,attn.add_v_proj,0.0,0.009791889227926731,0.09449221193790436
transformer_blocks.22.attn.add_q_proj,attn.add_q_proj,0.0,0.009557408280670643,0.09368333220481873
transformer_blocks.22.attn.to_out.0,attn.to_out.0,0.0026838425546884537,0.009336729533970356,0.09219130873680115
transformer_blocks.22.attn.to_add_out,attn.to_add_out,0.0,0.009077995084226131,0.08485060185194016
transformer_blocks.22.ff.net.0.proj,ff.net.0.proj,0.0,0.008922860957682133,0.09364575147628784
transformer_blocks.22.ff.net.2,ff.net.2,0.0,0.011529585346579552,0.09529595822095871
transformer_blocks.22.ff_context.net.0.proj,ff_context.net.0.proj,0.0,0.027931317687034607,0.10525662451982498
transformer_blocks.22.ff_context.net.2,ff_context.net.2,0.0,0.00643105199560523,0.07281439006328583
transformer_blocks.23.norm1.linear,norm1.linear,0.0,0.039856720715761185,0.10322228074073792
transformer_blocks.23.norm1_context.linear,norm1_context.linear,0.0,0.02731146663427353,0.13445286452770233
transformer_blocks.23.attn.to_q,attn.to_q,0.0030441880226135254,0.011039155535399914,0.09666050970554352
transformer_blocks.23.attn.to_k,attn.to_k,0.0030794960912317038,0.014570394530892372,0.10166139900684357
transformer_blocks.23.attn.to_v,attn.to_v,0.003310007508844137,0.011323526501655579,0.1000361368060112
transformer_blocks.23.attn.add_k_proj,attn.add_k_proj,0.0,0.008895781822502613,0.09263374656438828
transformer_blocks.23.attn.add_v_proj,attn.add_v_proj,0.0,0.01035595964640379,0.09509818255901337
transformer_blocks.23.attn.add_q_proj,attn.add_q_proj,0.0,0.003945468459278345,0.06564486026763916
transformer_blocks.23.attn.to_out.0,attn.to_out.0,0.004091449081897736,0.009191175922751427,0.09251006692647934
transformer_blocks.23.ff.net.0.proj,ff.net.0.proj,0.0,0.00890797097235918,0.09367920458316803
transformer_blocks.23.ff.net.2,ff.net.2,0.0,0.015289703384041786,0.09932555258274078
norm_out.linear,norm_out.linear,0.0,0.012891036458313465,0.09295809268951416
proj_out,proj_out,0.0,0.02132955566048622,0.1331866979598999
